,commit_sha,committer_username,committer_name,committer_email,commit_date
0,5c290c9a32fb8fd3baab6a540b4dcfc74552661c,s-t-e-v-e-n-k,Steve Kowalik,,2015-10-21 04:06:38
1,6452ddfeb4d2dfd31a998f8a2e573295818d7c51,s-t-e-v-e-n-k,Steve Kowalik,,2015-10-21 04:06:38
2,f1faf941ecac3619fb410904727ced182b4e4fe1,s-t-e-v-e-n-k,Steve Kowalik,,2015-10-21 04:06:38
3,93b92cd2fce560080dc66aef3b94427623046c5d,s-t-e-v-e-n-k,Steve Kowalik,,2015-10-21 04:06:38
4,04221109873c1a1864ce19a5082cc387ad3d8587,s-t-e-v-e-n-k,Steve Kowalik,,2015-10-21 04:06:38
5,b1c8eec58fd5848a9d7991a186bad3bd5a28b583,s-t-e-v-e-n-k,Steve Kowalik,,2015-10-21 04:06:38
6,aa694f8edc7e0c328785bcf7baf25b41bbdac8c5,s-t-e-v-e-n-k,Steve Kowalik,,2015-10-21 04:06:38
7,fcc12368709e52ebcc7a4ef4ee652ed46c27f365,s-t-e-v-e-n-k,Steve Kowalik,,2015-10-21 04:06:38
8,b10dbe3989496667ca073d8dd09d7125d06e3b1b,s-t-e-v-e-n-k,Steve Kowalik,,2015-10-21 04:06:38
9,83d6e0719cb7bfee57af398f93a73516b62af5f2,s-t-e-v-e-n-k,Steve Kowalik,,2015-10-21 04:06:38
10,7a5421837caa9845696395add018ed4b6581f4cb,s-t-e-v-e-n-k,Steve Kowalik,,2015-10-21 04:06:38
11,1265747e992ba7d34a469b6b2f527809f8bf7067,s-t-e-v-e-n-k,Steve Kowalik,,2015-10-21 04:06:38
12,d1644e3350a8f8e87a84777c3d551718e383b9e9,s-t-e-v-e-n-k,Steve Kowalik,,2015-10-21 04:06:38
13,8aebd94fda47645a15c968243a30343d6d0b2dfb,s-t-e-v-e-n-k,Steve Kowalik,,2015-10-21 04:06:38
14,31538337faaa61e104afede75a5fac802c9a1ab3,s-t-e-v-e-n-k,Steve Kowalik,,2015-10-21 04:06:38
15,4faff23ce9eab00c451ffdd842686781e8a1b4eb,s-t-e-v-e-n-k,Steve Kowalik,,2015-10-21 04:06:38
16,babcbcd04fd5605634855f621b8558afc5cbc515,s-t-e-v-e-n-k,Steve Kowalik,,2015-10-21 04:06:38
17,5aab6f5dc2693171b54368ca32a9c869fb2be74b,s-t-e-v-e-n-k,Steve Kowalik,,2015-10-21 04:06:38
18,916da53bef20b0ffa221ba8f2f5c28f30c27a578,s-t-e-v-e-n-k,Steve Kowalik,,2015-10-21 04:06:38
19,3003e06501ae4ff06045cf593428065c296d33b5,s-t-e-v-e-n-k,Steve Kowalik,,2015-10-21 04:06:38
20,901af8c862666370010513259f206e251ac3b4b4,s-t-e-v-e-n-k,Steve Kowalik,,2015-10-21 04:06:38
21,ddd437a7cdcc806670d9ce76f46812d30f1d6c1a,s-t-e-v-e-n-k,Steve Kowalik,,2015-10-21 04:06:38
22,e0acd8f4665f085b6507dadc577bbcd03e447578,s-t-e-v-e-n-k,Steve Kowalik,,2015-10-21 04:06:38
23,696793dea7afe5e03610ab2d14b80a750f2449a3,s-t-e-v-e-n-k,Steve Kowalik,,2015-10-21 04:06:38
24,aa24030471c56c450833cb4956b22ed8433fcdcb,s-t-e-v-e-n-k,Steve Kowalik,,2015-10-21 04:06:38
25,55d98373d874553e1c97f4a641316c9c6e0dec2b,s-t-e-v-e-n-k,Steve Kowalik,,2015-10-21 04:06:38
26,290b62726fd5a4f92ceb5568455115fb1c7f6683,s-t-e-v-e-n-k,Steve Kowalik,,2015-10-21 04:06:38
27,34d097ce473601624722b90fc5d0396011dd3acb,s-t-e-v-e-n-k,Steve Kowalik,,2015-10-21 04:06:38
28,f299699ccd75910593d5ddf7cc6212f70c5c28b1,s-t-e-v-e-n-k,Steve Kowalik,,2015-10-21 04:06:38
29,e113e37de1ec687c68337d777f3629251b35ab28,s-t-e-v-e-n-k,Steve Kowalik,,2015-10-21 04:06:38
30,63e4fae997a9a5dc8c2b56907c87c565537bb28f,s-t-e-v-e-n-k,Steve Kowalik,,2015-10-21 04:06:38
31,951fcdf23f8c657b525dee78086bc4dfd42ef810,s-t-e-v-e-n-k,Steve Kowalik,,2015-10-21 04:06:38
32,fcdd9eae2f5fcfba38b1478da7a3c8febd3c2726,s-t-e-v-e-n-k,Steve Kowalik,,2015-10-21 04:06:38
33,d159425f36dc7f68766cc980e262e9287e5f111c,s-t-e-v-e-n-k,Steve Kowalik,,2015-10-21 04:06:38
34,19e46bbf90f4cef8d52280bc4461da6b64b4151a,s-t-e-v-e-n-k,Steve Kowalik,,2015-10-21 04:06:38
35,e690adf3ff4b677c312ce51bad33738c271de017,s-t-e-v-e-n-k,Steve Kowalik,,2015-10-21 04:06:38
36,09f49c7849b53f16d780920b0fb245c2ffbf6735,s-t-e-v-e-n-k,Steve Kowalik,,2015-10-21 04:06:38
37,1bb18ab52e9a5997774c9aed4e1521fe382e5b21,s-t-e-v-e-n-k,Steve Kowalik,,2015-10-21 04:06:38
38,88800844470bcdbf174d4b24d11a656701d17078,s-t-e-v-e-n-k,Steve Kowalik,,2015-10-21 04:06:38
39,23f475393d187e7075f6e3ee73048b3514ce9a38,s-t-e-v-e-n-k,Steve Kowalik,,2015-10-21 04:06:38
40,08b72b48af202b6683adcd88b2e2b7adb7f68470,s-t-e-v-e-n-k,Steve Kowalik,,2015-10-21 04:06:38
41,7ec4f155af8d22b3fb7fd5e5788e0f7036dbda9b,s-t-e-v-e-n-k,Steve Kowalik,,2015-10-21 04:06:38
42,07e29fe014b7e214e72b51129fbef55468a7309d,s-t-e-v-e-n-k,Steve Kowalik,,2015-10-21 04:06:38
43,743f5a58b0bce91c4eab744ff7e39dfca9e6e8a5,s-t-e-v-e-n-k,Steve Kowalik,,2015-10-21 04:06:38
44,2646a98c31d8d1a169bed32d1c4bd68d59c25a6b,s-t-e-v-e-n-k,Steve Kowalik,,2015-10-21 04:06:38
45,429fcc7307cebe5cbe0edd1eb9454b310b93861c,s-t-e-v-e-n-k,Steve Kowalik,,2015-10-21 04:06:38
46,69b37b4ab64928048f7988dca45473a8da7b8065,s-t-e-v-e-n-k,Steve Kowalik,,2015-10-21 04:06:38
47,165d995da2e3f5900aed49a261fbf12ec537fa40,s-t-e-v-e-n-k,Steve Kowalik,,2015-10-21 04:06:38
48,5ad091d0182a7abd0dd7da51fc6dc727fc4bb82d,s-t-e-v-e-n-k,Steve Kowalik,,2015-10-21 04:06:38
49,707246519e38ac61c39a482542034b03dc316bba,s-t-e-v-e-n-k,Steve Kowalik,,2015-10-21 04:06:38
50,136a3e80081f219e0f3d41ab6945576c7a1234de,s-t-e-v-e-n-k,Steve Kowalik,,2015-10-21 04:06:38
51,1879518e2bd27b5cf699e7e1f0ad16dddcc43b80,s-t-e-v-e-n-k,Steve Kowalik,,2015-10-21 04:06:38
52,4fb1d23f4def91a45eed4e1b3d567068ccee040b,s-t-e-v-e-n-k,Steve Kowalik,,2015-10-21 04:06:38
53,4ed7aaf8e5c191e555c7f61d8920660ffac686c0,s-t-e-v-e-n-k,Steve Kowalik,,2015-10-21 04:06:38
54,3668f866e398c8beea3d222f2d66c541a0439526,s-t-e-v-e-n-k,Steve Kowalik,,2015-10-21 04:06:38
55,925764add54f557bfa446525a76ccb86180b577a,s-t-e-v-e-n-k,Steve Kowalik,,2015-10-21 04:06:38
56,9fb8588b28468444781cfc83760155c75aa310fc,s-t-e-v-e-n-k,Steve Kowalik,,2015-10-21 04:06:38
57,69bfc3251148ef4ac119f0ab2a11a734ddf63ee0,s-t-e-v-e-n-k,Steve Kowalik,,2015-10-21 04:06:38
58,f41c046f0e05aa8d6ea34813116d0dfc97ddd73d,s-t-e-v-e-n-k,Steve Kowalik,,2015-10-21 04:06:38
59,7abf600480089550b4224aa97004367c2fa25b38,s-t-e-v-e-n-k,Steve Kowalik,,2015-10-21 04:06:38
60,19fc43abf6c80720a7f69471ae41b2eba0daa363,s-t-e-v-e-n-k,Steve Kowalik,,2015-10-21 04:06:38
61,52ec366be4915dc9193a358ee9afebbadc238f4b,s-t-e-v-e-n-k,Steve Kowalik,,2015-10-21 04:06:38
62,1dd1cf9cb1f780d9edd0e5e87938d4175910c788,s-t-e-v-e-n-k,Steve Kowalik,,2015-10-21 04:06:38
63,d4b61311a14605241bc567d9a0396243ff37fa3d,s-t-e-v-e-n-k,Steve Kowalik,,2015-10-21 04:06:38
64,61b610926a023d80486ce1115e7331a4c714cfcb,s-t-e-v-e-n-k,Steve Kowalik,,2015-10-21 04:06:38
65,e79b9013fe71ac9e54a3576d99ad95898ee52cff,s-t-e-v-e-n-k,Steve Kowalik,,2015-10-21 04:06:38
66,291c46303dbe3f3fe8b291f9bbe957fbbf27c328,s-t-e-v-e-n-k,Steve Kowalik,,2015-10-21 04:06:38
67,53d58d2b07e366edbf37b6fd16d05b32e095b983,s-t-e-v-e-n-k,Steve Kowalik,,2015-10-21 04:06:38
68,7b20b13d0b853e813b201edf1daf159ca8bc983f,s-t-e-v-e-n-k,Steve Kowalik,,2015-10-21 04:06:38
69,8727003fc81a4ed285dc713c79bf25938706a26b,s-t-e-v-e-n-k,Steve Kowalik,,2015-10-21 04:06:38
70,5a8bc203141251785b54e38b0d6c3212f08c50f8,s-t-e-v-e-n-k,Steve Kowalik,,2015-10-21 04:06:38
71,09a1d9e4e768389d778d677aac038ac5ee7db665,s-t-e-v-e-n-k,Steve Kowalik,,2015-10-21 04:06:38
72,2475fa669a82c2ca028dded7b69ddd39d66926ca,s-t-e-v-e-n-k,Steve Kowalik,,2015-10-21 04:06:38
73,a1ed7c0e2d4d01ca29507ecce8ec75d2ee89181b,s-t-e-v-e-n-k,Steve Kowalik,,2015-10-21 04:06:38
74,3551453eff004a580430adac88a8a2efd784f3ed,s-t-e-v-e-n-k,Steve Kowalik,,2015-10-21 04:06:38
75,84bb69abffb5eeb934a7fc51aef87c9018dc7561,s-t-e-v-e-n-k,Steve Kowalik,,2015-10-21 04:06:38
76,38b34db56e929d8a815fd0fa34643666799b8a24,s-t-e-v-e-n-k,Steve Kowalik,,2015-10-21 04:06:38
77,704625983217762ebba51c53ecefc2880d4dea25,s-t-e-v-e-n-k,Steve Kowalik,,2015-10-21 04:06:38
78,83bef0f7b2a32f8610a28e9985b22957482337d5,s-t-e-v-e-n-k,Steve Kowalik,,2015-10-21 04:06:38
79,0ebdbb26750fb4a6f026c4047754e0bcd99ea7ef,s-t-e-v-e-n-k,Steve Kowalik,,2015-10-21 04:06:38
80,f1401c1550d3fda4938376090d6bd5ea26e838ea,s-t-e-v-e-n-k,Steve Kowalik,,2015-10-21 04:06:38
81,b4ca9177262b3b3eea2774ac9e942c67783fe4bb,s-t-e-v-e-n-k,Steve Kowalik,,2015-10-21 04:06:38
82,393bd21bd168769d8ecf4b23f4b32e9a4de5f17a,s-t-e-v-e-n-k,Steve Kowalik,,2015-10-21 04:06:38
83,14402976993315aefbfe1bd9552733a2df7eff0e,s-t-e-v-e-n-k,Steve Kowalik,,2015-10-21 04:06:38
84,afb1259a4e52d7bbee8415a523d78c3a428968a8,s-t-e-v-e-n-k,Steve Kowalik,,2015-10-21 04:06:38
85,d20fd71ca8e8c905a3ded449aea5e03c79216930,s-t-e-v-e-n-k,Steve Kowalik,,2015-10-21 04:06:38
86,b1c35499f4a97e71faa142e376fbea9488362679,s-t-e-v-e-n-k,Steve Kowalik,,2015-10-21 04:06:38
87,bfeacded4ed18c2e5adce0ab7d83cfb884ac63c9,s-t-e-v-e-n-k,Steve Kowalik,,2015-10-21 04:06:38
88,b30c09aaa47d4c49e05ec00ab5d4b3ad82fc1c3a,s-t-e-v-e-n-k,Steve Kowalik,,2015-10-21 04:06:38
89,3d93ee1ce56fb59f000866e754783c2e57165f70,s-t-e-v-e-n-k,Steve Kowalik,,2015-10-21 04:06:38
90,c822dd1ce043854ca52a8c7eb4bf9cf558b592c3,s-t-e-v-e-n-k,Steve Kowalik,,2015-10-21 04:06:38
91,f2939eb731956760953c06b60c0017ea6581c80f,s-t-e-v-e-n-k,Steve Kowalik,,2015-10-21 04:06:38
92,1c82573d6f92f9fd540d8a9b516d82eed5b37a3a,s-t-e-v-e-n-k,Steve Kowalik,,2015-10-21 04:06:38
93,806130e93d002bc8f933a007be9e732a19603562,s-t-e-v-e-n-k,Steve Kowalik,,2015-10-21 04:06:38
94,aeb27b788cd9e7a5ddbffd497e0066895c000845,s-t-e-v-e-n-k,Steve Kowalik,,2015-10-21 04:06:38
95,2991e9f1782e068d753f52009b1db2ad528fd6a1,s-t-e-v-e-n-k,Steve Kowalik,,2015-10-21 04:06:38
96,dd31a7065971f2756b3e9b11a284b38beb84e2ad,s-t-e-v-e-n-k,Steve Kowalik,,2015-10-21 04:06:38
97,d6dee0164aa9ea04586d4f452dddb485e6d9c4c8,s-t-e-v-e-n-k,Steve Kowalik,,2015-10-21 04:06:38
98,6e3ceb193bac8309325f688220ae65424922222c,s-t-e-v-e-n-k,Steve Kowalik,,2015-10-21 04:06:38
99,0829af815f0deed6cee98e4f335ca269f7ed94ff,s-t-e-v-e-n-k,Steve Kowalik,,2015-10-21 04:06:38
100,e5ce4912f5e96107eeb2670b8d29c173f82362f8,s-t-e-v-e-n-k,Steve Kowalik,,2015-10-21 04:06:38
101,784deb5f68c95c356ca81591b63c270c22001e1e,s-t-e-v-e-n-k,Steve Kowalik,,2015-10-21 04:06:38
102,882fe0871a477a72990fadc1d063c1c3f9d867d1,s-t-e-v-e-n-k,Steve Kowalik,,2015-10-21 04:06:38
103,2af3e60d1b2475219c47ee7463dd1e76dad93010,s-t-e-v-e-n-k,Steve Kowalik,,2015-10-21 04:06:38
104,ead565adf8786c316f4770e137a1fe3fc3f7e14f,s-t-e-v-e-n-k,Steve Kowalik,,2015-10-21 04:06:38
105,da747b5bd0f8b9f6ee508b3ec8dd6f1e89779f96,s-t-e-v-e-n-k,Steve Kowalik,,2015-10-21 04:06:38
106,37122cf2bbde825e57e78ee37171bab150802eca,s-t-e-v-e-n-k,Steve Kowalik,,2015-10-21 04:06:38
107,0e09983dca42468f87358a20af11f149fe34e49a,s-t-e-v-e-n-k,Steve Kowalik,,2015-10-21 04:06:38
108,b11add419323b2626f1cf1debbb7472bb70c5cc2,s-t-e-v-e-n-k,Steve Kowalik,,2015-10-21 04:06:38
109,dd80a6c09112772f696cc0830e012a74c5a8529e,s-t-e-v-e-n-k,Steve Kowalik,,2015-10-21 04:06:38
110,16e5f9891f37ae1aa9749ab7e6833a71a338a3b8,s-t-e-v-e-n-k,Steve Kowalik,,2015-10-21 04:06:38
111,fc7109eab750b52ce3c96ad447c3e9011419c952,s-t-e-v-e-n-k,Steve Kowalik,,2015-10-21 04:06:38
112,437487853f5f7567704c6a44ef2e2cbd4b945bda,s-t-e-v-e-n-k,Steve Kowalik,,2015-10-21 04:06:38
113,fc4eff3185af49239712dcb32779a6c51b788136,s-t-e-v-e-n-k,Steve Kowalik,,2015-10-21 04:06:38
114,b7894ea00c9993f5d129091b15ce0232da1e1aea,s-t-e-v-e-n-k,Steve Kowalik,,2015-10-21 04:06:38
115,7134752c36d82c28c87ef83949788027c37d32b6,s-t-e-v-e-n-k,Steve Kowalik,,2015-10-21 04:06:38
116,d938f80be03878e0315409f8b4d0403d981d737f,s-t-e-v-e-n-k,Steve Kowalik,,2015-10-21 04:06:38
117,60464f655453d885fa50089e58a05bab2db4e95b,s-t-e-v-e-n-k,Steve Kowalik,,2015-10-21 04:06:38
118,88e30057a74d0a1bd29e3a87ecb648322cd99e2e,s-t-e-v-e-n-k,Steve Kowalik,,2015-10-21 04:06:38
119,8189a538850cf061f83b7a8fdfc2ad5f4d42d033,s-t-e-v-e-n-k,Steve Kowalik,,2015-10-21 04:06:38
120,b0ef1909f9510029bad9f0f2206b9f96bd49ca49,s-t-e-v-e-n-k,Steve Kowalik,,2015-10-21 04:06:38
121,e40768e03b652ac1d3586fbb78e61269467642b3,s-t-e-v-e-n-k,Steve Kowalik,,2015-10-21 04:06:38
122,989b635e331a8ea7ca44efb4abe5739e59e3d388,s-t-e-v-e-n-k,Steve Kowalik,,2015-10-21 04:06:38
123,3170cafce517f4b22dc6fd64961c3f5b083c83cb,s-t-e-v-e-n-k,Steve Kowalik,,2015-10-21 04:06:38
124,3e3d8c54ab89abbdc9208923caeaaf70f28deaf7,s-t-e-v-e-n-k,Steve Kowalik,,2015-10-21 04:06:38
125,21e89ff1f8e41d30de8cd1fbe8b582a2b049c79e,s-t-e-v-e-n-k,Steve Kowalik,,2015-10-21 04:06:38
126,3a7232522b4e7e5452b7e78cb4beba0d89892ffe,s-t-e-v-e-n-k,Steve Kowalik,,2015-10-21 04:06:38
127,05b9ecb4717f4b94cb6556581b441e38038799d5,s-t-e-v-e-n-k,Steve Kowalik,,2015-10-21 04:06:38
128,fec6034a07677b9978a605dc72ab601f6cd1c1b3,s-t-e-v-e-n-k,Steve Kowalik,,2015-10-21 04:06:38
129,077c80ba2df0325bbcf00a157e05dd1aab8d3c86,s-t-e-v-e-n-k,Steve Kowalik,,2015-10-21 04:06:38
130,6ad592b1b6eadf7093215ff3b4bbfe965206f640,s-t-e-v-e-n-k,Steve Kowalik,,2015-10-21 04:06:38
131,db294837294c4f90eaed378e2f80a44bae043537,s-t-e-v-e-n-k,Steve Kowalik,,2015-10-21 04:06:38
132,bc225f9d11d5b331e31eb9c1e702a00e4c3c360e,s-t-e-v-e-n-k,Steve Kowalik,,2015-10-21 04:06:38
133,ff716654fd2b11230b825e8af7cf226f7ce5d326,s-t-e-v-e-n-k,Steve Kowalik,,2015-10-21 04:06:38
134,27092fb05519175950efca6d1cc92556c6c93ae8,s-t-e-v-e-n-k,Steve Kowalik,,2015-10-21 04:06:38
135,a840a906715ffeb89ea72a3e28c7a43de06fdc7b,s-t-e-v-e-n-k,Steve Kowalik,,2015-10-21 04:06:38
136,e33858a3dc69255dccb19912b960599a200094f3,s-t-e-v-e-n-k,Steve Kowalik,,2015-10-21 04:06:38
137,89c967bb7720338ab8b95b38e9a9dea6785240da,s-t-e-v-e-n-k,Steve Kowalik,,2015-10-21 04:06:38
138,f91cbac2e35a1ec7a6b4f9d37d2d6c3d14863db6,s-t-e-v-e-n-k,Steve Kowalik,,2015-10-21 04:06:38
139,a0f01cf9cf5521fd034813242727de72eb52df42,s-t-e-v-e-n-k,Steve Kowalik,,2015-10-21 04:06:38
140,7bac694ae5378e51903d38bf7fdd10cbd39cedb9,s-t-e-v-e-n-k,Steve Kowalik,,2015-10-21 04:06:38
141,7ddb657d47a349f6322534ee554b3308c555d75c,s-t-e-v-e-n-k,Steve Kowalik,,2015-10-21 04:06:38
142,cca8e3a5b463c8a17ae7faa86659c5ff7e7314b8,s-t-e-v-e-n-k,Steve Kowalik,,2015-10-21 04:06:38
143,f93207b4ca05c1b677bea0a4d80744f47eda1e8b,s-t-e-v-e-n-k,Steve Kowalik,,2015-10-21 04:06:38
144,657f87b5a5cadd0e942a482c72e858b92f76b57c,s-t-e-v-e-n-k,Steve Kowalik,,2015-10-21 04:06:38
145,dc2f2ad8cb6f418ff7ffbbb17d224a795a1e1e2c,s-t-e-v-e-n-k,Steve Kowalik,,2015-10-21 04:06:38
146,f1ae7200ba714113e800a3f50e4dd8ca72b2289e,s-t-e-v-e-n-k,Steve Kowalik,,2015-10-21 04:06:38
147,6e79d2704b8812d26435b21c1258c766418ab25e,s-t-e-v-e-n-k,Steve Kowalik,,2015-10-21 04:06:38
148,57af1e052611e9f6788ec0cda3324f04a1a03166,s-t-e-v-e-n-k,Steve Kowalik,,2015-10-21 04:06:38
149,26c595d9b62270e865011d846ca9a3945373b380,s-t-e-v-e-n-k,Steve Kowalik,,2015-10-21 04:06:38
150,828b53b7560b8c2b4e9d7064e0d9ffc442b16548,s-t-e-v-e-n-k,Steve Kowalik,,2015-10-21 04:06:38
151,b8dad9817e2f7b0dee3202a0d5b417745f68d849,s-t-e-v-e-n-k,Steve Kowalik,,2015-10-21 04:06:38
152,0f2beaca8367eff076e75259a46a0adac20486ca,s-t-e-v-e-n-k,Steve Kowalik,,2015-10-21 04:06:38
153,befce37e20eeb914e6f13c6cfe5e45d9e454e593,s-t-e-v-e-n-k,Steve Kowalik,,2015-10-21 04:06:38
154,8d2a6b534d565383515eb6f4ddb59f64fff66631,s-t-e-v-e-n-k,Steve Kowalik,,2015-10-21 04:06:38
155,4349bca1363adb6c26d9334fbaa3f72de647db61,s-t-e-v-e-n-k,Steve Kowalik,,2015-10-21 04:06:38
156,102c82080605a66b9b72de9349152e174ff7765f,s-t-e-v-e-n-k,Steve Kowalik,,2015-10-21 04:06:38
157,8ef71b1b376906226b0943cc8ccc5348e3478f22,s-t-e-v-e-n-k,Steve Kowalik,,2015-10-21 04:06:38
158,b51227681df37d056415a237746e68c18c05c786,s-t-e-v-e-n-k,Steve Kowalik,,2015-10-21 04:06:38
159,ec177610082f42840ca3833aa7f4c1e2028cb108,s-t-e-v-e-n-k,Steve Kowalik,,2015-10-21 04:06:38
160,e4dac15e869e30119ad18e0ee0a1dda020977fb3,s-t-e-v-e-n-k,Steve Kowalik,,2015-10-21 04:06:38
161,2b2ecfad4d654ea42e6d2363be719fe0f00e238d,s-t-e-v-e-n-k,Steve Kowalik,,2015-10-21 04:06:38
162,6833245d9961c5c0e162f44c393e3e520459c2bd,s-t-e-v-e-n-k,Steve Kowalik,,2015-10-21 04:06:38
163,55b8fb4ca1a668c062751f476617cf2aff8de7c1,s-t-e-v-e-n-k,Steve Kowalik,,2015-10-21 04:06:38
164,eb80564b01591ea1b40fa55bdc03bda42af784c7,s-t-e-v-e-n-k,Steve Kowalik,,2015-10-21 04:06:38
165,ef16702a0d991bdb8ced154002ecdd4211fae6e1,s-t-e-v-e-n-k,Steve Kowalik,,2015-10-21 04:06:38
166,08fa797f1d0ebc0ba92be46cc35b4e70a968c5da,s-t-e-v-e-n-k,Steve Kowalik,,2015-10-21 04:06:38
167,7b099c9800fbee94aadc878e6d4bef4167726a8e,s-t-e-v-e-n-k,Steve Kowalik,,2015-10-21 04:06:38
168,6732517c1d401b3cc81cd4dc28782461016c89d0,s-t-e-v-e-n-k,Steve Kowalik,,2015-10-21 04:06:38
169,3cc0742fbebea6881220eae04cf56db790b91311,s-t-e-v-e-n-k,Steve Kowalik,,2015-10-21 04:06:38
170,ebcd3a52e32c8d74a387c0d9df28a19c40ebd539,s-t-e-v-e-n-k,Steve Kowalik,,2015-10-21 04:06:38
171,49db6f87710be41c5275ad0ed13073ecd345a120,s-t-e-v-e-n-k,Steve Kowalik,,2015-10-21 04:06:38
172,cf056883592b59e2aafe5dde7b94917868b6c315,s-t-e-v-e-n-k,Steve Kowalik,,2015-10-21 04:06:38
173,b91dee8df6afe98882383dc79d9bd1c300bc474a,s-t-e-v-e-n-k,Steve Kowalik,,2015-10-21 04:06:38
174,171cc567ae4b4850a6270d3ed728a2f995a7462f,s-t-e-v-e-n-k,Steve Kowalik,,2015-10-21 04:06:38
175,a519e4675a911a3f20f1ad197cbbbb14bdd1842d,s-t-e-v-e-n-k,Steve Kowalik,,2015-10-21 04:06:38
176,b1e9ae68a21db8ae60cf6acc50fbe426441c452e,s-t-e-v-e-n-k,Steve Kowalik,,2015-10-21 04:06:38
177,bd0cf30970f283136f6beb26319982dbdd9fa88c,s-t-e-v-e-n-k,Steve Kowalik,,2015-10-21 04:06:38
178,85dcc446504d6a253596a1a3dbce5fcdbe510235,s-t-e-v-e-n-k,Steve Kowalik,,2015-10-21 04:06:38
179,e2e29918ea27a005c7f57d8b1fa90b4ddf65d30e,s-t-e-v-e-n-k,Steve Kowalik,,2015-10-21 04:06:38
180,1f23c06a4de95570feb2f4acdfdf3d4271585768,s-t-e-v-e-n-k,Steve Kowalik,,2015-10-21 04:06:38
181,62512125128a7e4aaf9fa8a8f9e197cc591d0cf1,s-t-e-v-e-n-k,Steve Kowalik,,2015-10-21 04:06:38
182,00096c105986e7fdce923e1ac2e1814013aa8591,s-t-e-v-e-n-k,Steve Kowalik,,2015-10-21 04:06:38
183,0dba048f5c5cc99f863aefa5f4c634d1d461ce1d,s-t-e-v-e-n-k,Steve Kowalik,,2015-10-21 04:06:38
184,678b6b20067eff0884d3b3d67e993378f8be14c9,s-t-e-v-e-n-k,Steve Kowalik,,2015-10-21 04:06:38
185,a308dc92dfa833dbda3781dc2dcf09dd63e707fc,s-t-e-v-e-n-k,Steve Kowalik,,2015-10-21 04:06:38
